admin,1234,admin
staff,1234,staff
lemon,1234,student
admin,1234,admin
staff,1234,staff
lemon,1234,student
admin,1234,admin
staff,1234,staff
lemon,1234,student
admin,1234,admin
staff,1234,staff
lemon,1234,student
admin,1234,admin
staff,1234,staff
lemon,1234,student
admin,1234,admin
staff,1234,staff
lemon,1234,student
admin,1234,admin
staff,1234,staff
lemon,1234,student
admin,1234,admin
staff,1234,staff
lemon,1234,student
admin,1234,admin
staff,1234,staff
lemon,1234,student
admin,1234,admin
staff,1234,staff
lemon,1234,student
admin,1234,admin
staff,1234,staff
lemon,1234,student
admin,1234,admin
staff,1234,staff
lemon,1234,student
admin,1234,admin
staff,1234,staff
lemon,1234,student
admin,1234,admin
staff,1234,staff
lemon,1234,student
admin,1234,admin
staff,1234,staff
lemon,1234,student
admin,1234,admin
staff,1234,staff
lemon,1234,student
admin,1234,admin
staff,1234,staff
lemon,1234,student
admin,1234,admin
staff,1234,staff
lemon,1234,student
admin,1234,admin
staff,1234,staff
lemon,1234,student
admin,1234,admin
staff,1234,staff
lemon,1234,student
admin,1234,admin
staff,1234,staff
lemon,1234,student
admin,1234,admin
staff,1234,staff
lemon,1234,student
admin,1234,admin
staff,1234,staff
lemon,1234,student
admin,1234,admin
staff,1234,staff
lemon,1234,student
admin,1234,admin
staff,1234,staff
lemon,1234,student
admin,1234,admin
staff,1234,staff
lemon,1234,student
admin,1234,admin
staff,1234,staff
lemon,1234,student
admin,1234,admin
staff,1234,staff
lemon,1234,student
admin,1234,admin
staff,1234,staff
lemon,1234,student
admin,1234,admin
staff,1234,staff
lemon,1234,student
admin,1234,admin
staff,1234,staff
lemon,1234,student
admin,1234,admin
staff,1234,staff
lemon,1234,student
