admin,admin,13,admin,,false,0,data/profileUsers/admin.png,21-10-2022 10:59:03,-
Thawan,thawan,Khadpo,student,,false,0,data/profileUsers/thawan.png,20-10-2022 22:06:41,-
Boontung,boontung,Saowalak,student,,false,0,data/profileUsers/boontung.png,20-10-2022 22:07:31,-
Jetterin,jetterin,Dabaransi,student,,false,0,data/profileUsers/jetterin.png,20-10-2022 22:07:56,-
Seri,seri,Choosak,student,,false,0,data/profileUsers/seri.png,20-10-2022 22:08:20,-
Wittaya,wittaya,1234,student,,false,0,data/profileUsers/wittaya.png,20-10-2022 22:08:37,-
Nokkok,nokkok,2435,student,,false,0,data/profileUsers/nokkok.png,20-10-2022 22:04:12,-
lemon,lemon,1234512345,student,,false,0,data/profileUsers/lemon.png,21-10-2022 12:33:56,-
Kantima,kantima,Kanjanapas,student,,false,0,data/profileUsers/kantima.png,20-10-2022 22:09:43,-
Ratri,ratri,Jainukul,student,,false,0,data/profileUsers/ratri.png,20-10-2022 22:06:08,-
Solada,solada,Intira,student,,false,0,data/profileUsers/solada.png,20-10-2022 22:05:05,-
อาทิตยา,daswmm,111555,student,,false,0,data/profileUsers/daswmm.png,21-10-2022 01:10:58,-
ยามเหงา,security1,security1,staff,ความปลอดภัย,false,0,data/profileUsers/security1.png,20-10-2022 22:11:55,-
ยามโดดเดี่ยว,security2,security2,staff,ความปลอดภัย,false,0,data/profileUsers/security2.png,20-10-2022 22:12:14,-
ยามลมโชย,security3,security3,staff,ความปลอดภัย,false,0,data/profileUsers/security3.png,20-10-2022 22:12:32,-
แม่บ้านใจดี,cleaner1,cleaner1,staff,ความสะอาด,false,0,data/profileUsers/cleaner1.png,21-10-2022 12:43:19,-
พ่อบ้านใจกล้า,cleaner2,cleaner2,staff,ความสะอาด,false,0,data/profileUsers/cleaner2.png,20-10-2022 22:13:19,-
คนขัดพื้นสุดหล่อ,cleaner3,cleaner3,staff,ความสะอาด,false,0,data/profileUsers/cleaner3.png,20-10-2022 22:14:00,-
ช่างหล่อ,building1,building1,staff,อาคารชำรุด,false,0,data/profileUsers/building1.png,21-10-2022 10:08:04,-
ช่างเท่,building2,building2,staff,อาคารชำรุด,false,0,data/profileUsers/building2.png,20-10-2022 22:14:54,-
ช่างแข็งแรง,building3,building3,staff,อาคารชำรุด,false,0,data/profileUsers/building3.png,20-10-2022 22:15:08,-
ถนนสวย,road1,road1,staff,ถนน ทางเท้า,false,0,data/profileUsers/road1.png,21-10-2022 10:06:26,-
ถนนใส,road2,road2,staff,ถนน ทางเท้า,false,0,data/profileUsers/road2.png,20-10-2022 22:16:19,-
ถนนสะอาด,road3,road3,staff,ถนน ทางเท้า,false,0,data/profileUsers/road3.png,20-10-2022 22:16:34,-
คนขับรถขี้เหงา,tranport1,tranport1,staff,ยานพาหนะ,false,0,data/profileUsers/tranport1.png,20-10-2022 22:17:03,-
ผู้ดูแลรถยนต์,tranport2,tranport2,staff,ยานพาหนะ,false,0,data/profileUsers/tranport2.png,20-10-2022 22:19:07,-
ช่างเครื่องยนต์,tranport3,tranport3,staff,ยานพาหนะ,false,0,data/profileUsers/tranport3.png,21-10-2022 10:08:36,-
ฟหกด่าสว,oishigreentea,hahaha,student,,false,0,data/profileUsers/oishigreentea.png,20-10-2022 22:11:20,-
เสี่ยวหยาง,xiaoyang,123123,student,,false,0,data/profileUsers/xiaoyang.png,21-10-2022 10:18:27,-
dogman,dogman,5432,student,,false,0,data/profileUsers/dogman.png,21-10-2022 14:25:11,-
